{
  "layout":{
    "children":[
      {
        "children":[
          {
            "cls":"starling.display.Image",
            "constructorParams":[
              {
                "cls":"starling.textures.Texture",
                "textureName":"score_element_background"
              }
            ],
            "customParams":{},
            "params":{
              "name":"score_element_background",
              "x":17,
              "y":26.5
            }
          },
          {
            "cls":"starling.text.TextField",
            "constructorParams":[
              {
                "value":200
              },
              {
                "value":100
              },
              {
                "value":"Abc123"
              }
            ],
            "customParams":{},
            "params":{
              "autoSize":"bothDirections",
              "format":{
                "cls":"starling.text.TextFormat",
                "customParams":{},
                "params":{
                  "color":16777215,
                  "font":"grilledcheesebtn_size18_colorffffff_strokea8364b",
                  "size":18
                }
              },
              "height":20,
              "name":"GrilledCheeseBTN_Size18_ColorFFFFFF_StrokeA8364B",
              "text":"SCORE",
              "width":60,
              "x":494,
              "y":65
            }
          },
          {
            "cls":"starling.text.TextField",
            "constructorParams":[
              {
                "value":200
              },
              {
                "value":100
              },
              {
                "value":"Abc123"
              }
            ],
            "customParams":{},
            "params":{
              "autoSize":"bothDirections",
              "format":{
                "cls":"starling.text.TextFormat",
                "customParams":{},
                "params":{
                  "color":16777215,
                  "font":"grilledcheesebtn_size18_colorffffff_strokea8364b",
                  "size":18
                }
              },
              "height":20,
              "name":"GrilledCheeseBTN_Size18_ColorFFFFFF_StrokeA8364B",
              "text":"OBJECTIVES",
              "width":107,
              "x":65,
              "y":65
            }
          },
          {
            "cls":"starling.text.TextField",
            "constructorParams":[
              {
                "value":200
              },
              {
                "value":100
              },
              {
                "value":"Abc123"
              }
            ],
            "customParams":{},
            "params":{
              "autoSize":"bothDirections",
              "format":{
                "cls":"starling.text.TextFormat",
                "customParams":{},
                "params":{
                  "color":16777215,
                  "font":"grilledcheesebtn_size18_colorffffff_strokea8364b",
                  "size":18
                }
              },
              "height":20,
              "name":"GrilledCheeseBTN_Size18_ColorFFFFFF_StrokeA8364B",
              "text":"MOVES",
              "width":63,
              "x":492.5,
              "y":146.5
            }
          },
          {
            "cls":"starling.text.TextField",
            "constructorParams":[
              {
                "value":200
              },
              {
                "value":100
              },
              {
                "value":"Abc123"
              }
            ],
            "customParams":{},
            "params":{
              "autoSize":"bothDirections",
              "format":{
                "cls":"starling.text.TextFormat",
                "customParams":{},
                "params":{
                  "color":16777215,
                  "font":"grilledcheesebtn_size36_colorffffff_strokea8364b",
                  "size":36
                }
              },
              "height":35,
              "name":"GrilledCheeseBTN_Size36_ColorFFFFFF_StrokeA8364B",
              "text":"20",
              "width":53,
              "x":497,
              "y":179
            }
          },
          {
            "cls":"starling.text.TextField",
            "constructorParams":[
              {
                "value":200
              },
              {
                "value":100
              },
              {
                "value":"Abc123"
              }
            ],
            "customParams":{},
            "params":{
              "autoSize":"bothDirections",
              "format":{
                "cls":"starling.text.TextFormat",
                "customParams":{},
                "params":{
                  "color":16777215,
                  "font":"grilledcheesebtn_size36_colorffffff_strokea8364b",
                  "size":36
                }
              },
              "height":35,
              "name":"GrilledCheeseBTN_Size36_ColorFFFFFF_StrokeA8364B",
              "text":"1234",
              "width":88,
              "x":480,
              "y":92.5
            }
          },
          {
            "cls":"starling.display.Image",
            "constructorParams":[
              {
                "cls":"starling.textures.Texture",
                "textureName":"meter_element_fill"
              }
            ],
            "customParams":{},
            "params":{
              "name":"meter_element_fill",
              "x":229.5,
              "y":43.5
            }
          },
          {
            "cls":"starling.display.Image",
            "constructorParams":[
              {
                "cls":"starling.textures.Texture",
                "textureName":"meter_element_star_0"
              }
            ],
            "customParams":{},
            "params":{
              "name":"meter_element_star_0",
              "scaleX":1.02,
              "x":212,
              "y":65
            }
          },
          {
            "children":[],
            "cls":"feathers.controls.LayoutGroup",
            "customParams":{},
            "params":{
              "height":146,
              "layout":{
                "cls":"feathers.layout.TiledRowsLayout",
                "constructorParams":[],
                "customParams":{},
                "params":{}
              },
              "name":"objective_container",
              "width":160,
              "x":38.5,
              "y":90.5
            }
          }
        ],
        "cls":"starling.display.Sprite",
        "customParams":{},
        "params":{
          "name":"top_container",
          "pivotX":317.5,
          "pivotY":12,
          "x":317.5
        }
      },
      {
        "children":[
          {
            "cls":"starling.display.Image",
            "constructorParams":[
              {
                "cls":"starling.textures.Texture",
                "textureName":"generic_panel_darkwood"
              }
            ],
            "customParams":{},
            "params":{
              "name":"generic_panel_darkwood",
              "scale9Grid":{
                "cls":"flash.geom.Rectangle",
                "customParams":{},
                "params":{
                  "width":1.04,
                  "x":25.48,
                  "y":45.5
                }
              },
              "scaleX":9.29,
              "x":8
            }
          },
          {
            "children":[
              {
                "cls":"starling.display.Button",
                "constructorParams":[
                  {
                    "cls":"starling.textures.Texture",
                    "textureName":"boostslot_bg_green"
                  }
                ],
                "customParams":{},
                "params":{
                  "height":83.73,
                  "name":"boostslot_bg_green",
                  "textFormat":{
                    "cls":"starling.text.TextFormat",
                    "customParams":{},
                    "params":{}
                  },
                  "width":110,
                  "x":-7
                }
              },
              {
                "cls":"starling.display.Button",
                "constructorParams":[
                  {
                    "cls":"starling.textures.Texture",
                    "textureName":"boostslot_bg_green"
                  }
                ],
                "customParams":{},
                "params":{
                  "height":83.73,
                  "name":"boostslot_bg_green",
                  "textFormat":{
                    "cls":"starling.text.TextFormat",
                    "customParams":{},
                    "params":{}
                  },
                  "width":110,
                  "x":107
                }
              },
              {
                "cls":"starling.display.Button",
                "constructorParams":[
                  {
                    "cls":"starling.textures.Texture",
                    "textureName":"boostslot_bg_green"
                  }
                ],
                "customParams":{},
                "params":{
                  "height":83.73,
                  "name":"boostslot_bg_green",
                  "textFormat":{
                    "cls":"starling.text.TextFormat",
                    "customParams":{},
                    "params":{}
                  },
                  "width":110,
                  "x":221
                }
              },
              {
                "cls":"starling.display.Button",
                "constructorParams":[
                  {
                    "cls":"starling.textures.Texture",
                    "textureName":"boostslot_bg_green"
                  }
                ],
                "customParams":{},
                "params":{
                  "height":83.73,
                  "name":"boostslot_bg_green",
                  "textFormat":{
                    "cls":"starling.text.TextFormat",
                    "customParams":{},
                    "params":{}
                  },
                  "width":110,
                  "x":335
                }
              }
            ],
            "cls":"feathers.controls.LayoutGroup",
            "customParams":{},
            "params":{
              "height":1,
              "layout":{
                "cls":"feathers.layout.HorizontalLayout",
                "constructorParams":[],
                "customParams":{},
                "params":{}
              },
              "name":"obj2",
              "width":1,
              "x":31,
              "y":6
            }
          }
        ],
        "cls":"starling.display.Sprite",
        "customParams":{},
        "params":{
          "name":"bottom_container",
          "pivotX":249.5,
          "pivotY":91,
          "x":292,
          "y":861
        }
      },
      {
        "cls":"starling.display.Button",
        "constructorParams":[
          {
            "cls":"starling.textures.Texture",
            "textureName":"settings"
          }
        ],
        "customParams":{},
        "params":{
          "height":81.9,
          "name":"settings_button",
          "pivotX":72,
          "pivotY":74,
          "scaleX":1.08,
          "scaleY":1.05,
          "textFormat":{
            "cls":"starling.text.TextFormat",
            "customParams":{},
            "params":{}
          },
          "width":84.24,
          "x":640,
          "y":860
        }
      }
    ],
    "cls":"starling.display.Sprite",
    "customParams":{},
    "params":{
      "name":"root"
    }
  },
  "setting":{
    "canvasColor":16777215,
    "canvasSize":{
      "x":640,
      "y":860
    }
  },
  "version":"2.0"
}